name,url,img_url,price
Debby,https://www.glassesshop.com/eyeglasses/fz1767,"data:image/gif;base64,R0lGODlhAQABAIAAAP///wAAACH5BAEAAAAALAAAAAABAAEAAAICRAEAOw==",$29.95
Libra,https://www.glassesshop.com/eyeglasses/fp2047,"data:image/gif;base64,R0lGODlhAQABAIAAAP///wAAACH5BAEAAAAALAAAAAABAAEAAAICRAEAOw==",$24.95
Hedy,https://www.glassesshop.com/eyeglasses/fz1608,"data:image/gif;base64,R0lGODlhAQABAIAAAP///wAAACH5BAEAAAAALAAAAAABAAEAAAICRAEAOw==",$29.95
Richfield,https://www.glassesshop.com/eyeglasses/rm0307,"data:image/gif;base64,R0lGODlhAQABAIAAAP///wAAACH5BAEAAAAALAAAAAABAAEAAAICRAEAOw==",$29.95
Yves,https://www.glassesshop.com/eyeglasses/st0273,"data:image/gif;base64,R0lGODlhAQABAIAAAP///wAAACH5BAEAAAAALAAAAAABAAEAAAICRAEAOw==",$55.95
Endicott,https://www.glassesshop.com/eyeglasses/fz1392,"data:image/gif;base64,R0lGODlhAQABAIAAAP///wAAACH5BAEAAAAALAAAAAABAAEAAAICRAEAOw==",$29.95
Cooksville,https://www.glassesshop.com/eyeglasses/fp2010,"data:image/gif;base64,R0lGODlhAQABAIAAAP///wAAACH5BAEAAAAALAAAAAABAAEAAAICRAEAOw==",$12.95
Taurus,https://www.glassesshop.com/eyeglasses/fp2071,"data:image/gif;base64,R0lGODlhAQABAIAAAP///wAAACH5BAEAAAAALAAAAAABAAEAAAICRAEAOw==",$24.95
Hannah,https://www.glassesshop.com/eyeglasses/fp2514,"data:image/gif;base64,R0lGODlhAQABAIAAAP///wAAACH5BAEAAAAALAAAAAABAAEAAAICRAEAOw==",$24.95
Lydia,https://www.glassesshop.com/eyeglasses/fp2434,"data:image/gif;base64,R0lGODlhAQABAIAAAP///wAAACH5BAEAAAAALAAAAAABAAEAAAICRAEAOw==",$19.95
Haywood,https://www.glassesshop.com/eyeglasses/fm1354,"data:image/gif;base64,R0lGODlhAQABAIAAAP///wAAACH5BAEAAAAALAAAAAABAAEAAAICRAEAOw==",$29.95
Gulfport,https://www.glassesshop.com/eyeglasses/fp2106,"data:image/gif;base64,R0lGODlhAQABAIAAAP///wAAACH5BAEAAAAALAAAAAABAAEAAAICRAEAOw==",$19.95
Celia,https://www.glassesshop.com/eyeglasses/fm1387,"data:image/gif;base64,R0lGODlhAQABAIAAAP///wAAACH5BAEAAAAALAAAAAABAAEAAAICRAEAOw==",$19.95
Bronx,https://www.glassesshop.com/eyeglasses/fp1979,"data:image/gif;base64,R0lGODlhAQABAIAAAP///wAAACH5BAEAAAAALAAAAAABAAEAAAICRAEAOw==",$12.95
Joplin,https://www.glassesshop.com/eyeglasses/fz1491,"data:image/gif;base64,R0lGODlhAQABAIAAAP///wAAACH5BAEAAAAALAAAAAABAAEAAAICRAEAOw==",$24.95
Bruno,https://www.glassesshop.com/eyeglasses/fp1506,"data:image/gif;base64,R0lGODlhAQABAIAAAP///wAAACH5BAEAAAAALAAAAAABAAEAAAICRAEAOw==",$19.95
Asheville,https://www.glassesshop.com/eyeglasses/fp1991,"data:image/gif;base64,R0lGODlhAQABAIAAAP///wAAACH5BAEAAAAALAAAAAABAAEAAAICRAEAOw==",$12.95
Burke,https://www.glassesshop.com/eyeglasses/fm1244,"data:image/gif;base64,R0lGODlhAQABAIAAAP///wAAACH5BAEAAAAALAAAAAABAAEAAAICRAEAOw==",$24.95
Poppy,https://www.glassesshop.com/eyeglasses/fz1032,"data:image/gif;base64,R0lGODlhAQABAIAAAP///wAAACH5BAEAAAAALAAAAAABAAEAAAICRAEAOw==",$29.95
Leigh,https://www.glassesshop.com/eyeglasses/fz1368,"data:image/gif;base64,R0lGODlhAQABAIAAAP///wAAACH5BAEAAAAALAAAAAABAAEAAAICRAEAOw==",$2.99
Memphis,https://www.glassesshop.com/eyeglasses/fz1740,"data:image/gif;base64,R0lGODlhAQABAIAAAP///wAAACH5BAEAAAAALAAAAAABAAEAAAICRAEAOw==",$29.95
Derrick,https://www.glassesshop.com/eyeglasses/fp1661,"data:image/gif;base64,R0lGODlhAQABAIAAAP///wAAACH5BAEAAAAALAAAAAABAAEAAAICRAEAOw==",$24.95
Oberlin,https://www.glassesshop.com/eyeglasses/fp2033,"data:image/gif;base64,R0lGODlhAQABAIAAAP///wAAACH5BAEAAAAALAAAAAABAAEAAAICRAEAOw==",$19.95
Milne,https://www.glassesshop.com/eyeglasses/fz1358,"data:image/gif;base64,R0lGODlhAQABAIAAAP///wAAACH5BAEAAAAALAAAAAABAAEAAAICRAEAOw==",$29.95
Lyndon,https://www.glassesshop.com/eyeglasses/fm1286,"data:image/gif;base64,R0lGODlhAQABAIAAAP///wAAACH5BAEAAAAALAAAAAABAAEAAAICRAEAOw==",$19.95
Denise,https://www.glassesshop.com/eyeglasses/fp2298,"data:image/gif;base64,R0lGODlhAQABAIAAAP///wAAACH5BAEAAAAALAAAAAABAAEAAAICRAEAOw==",$24.94
Murphy,https://www.glassesshop.com/eyeglasses/fp1747,"data:image/gif;base64,R0lGODlhAQABAIAAAP///wAAACH5BAEAAAAALAAAAAABAAEAAAICRAEAOw==",$39.95
Annabel,https://www.glassesshop.com/eyeglasses/ft0304,"data:image/gif;base64,R0lGODlhAQABAIAAAP///wAAACH5BAEAAAAALAAAAAABAAEAAAICRAEAOw==",$39.95
Dinah,https://www.glassesshop.com/eyeglasses/fp2445,"data:image/gif;base64,R0lGODlhAQABAIAAAP///wAAACH5BAEAAAAALAAAAAABAAEAAAICRAEAOw==",$24.95
Water,https://www.glassesshop.com/eyeglasses/fp2468,"data:image/gif;base64,R0lGODlhAQABAIAAAP///wAAACH5BAEAAAAALAAAAAABAAEAAAICRAEAOw==",$29.95
Whittier,https://www.glassesshop.com/eyeglasses/fz1313,"data:image/gif;base64,R0lGODlhAQABAIAAAP///wAAACH5BAEAAAAALAAAAAABAAEAAAICRAEAOw==",$29.95
Evanston,https://www.glassesshop.com/eyeglasses/sup0791,"data:image/gif;base64,R0lGODlhAQABAIAAAP///wAAACH5BAEAAAAALAAAAAABAAEAAAICRAEAOw==",$24.95
Miami,https://www.glassesshop.com/eyeglasses/fz1391,"data:image/gif;base64,R0lGODlhAQABAIAAAP///wAAACH5BAEAAAAALAAAAAABAAEAAAICRAEAOw==",$29.95
Pete,https://www.glassesshop.com/eyeglasses/fz1208,"data:image/gif;base64,R0lGODlhAQABAIAAAP///wAAACH5BAEAAAAALAAAAAABAAEAAAICRAEAOw==",$29.95
Prairie,https://www.glassesshop.com/eyeglasses/fz1461,"data:image/gif;base64,R0lGODlhAQABAIAAAP///wAAACH5BAEAAAAALAAAAAABAAEAAAICRAEAOw==",$34.95
Baltimore,https://www.glassesshop.com/eyeglasses/fp2109,"data:image/gif;base64,R0lGODlhAQABAIAAAP///wAAACH5BAEAAAAALAAAAAABAAEAAAICRAEAOw==",$0.99
Pasadena,https://www.glassesshop.com/eyeglasses/fp2522,"data:image/gif;base64,R0lGODlhAQABAIAAAP///wAAACH5BAEAAAAALAAAAAABAAEAAAICRAEAOw==",$12.48
Fresno,https://www.glassesshop.com/eyeglasses/fp2036,"data:image/gif;base64,R0lGODlhAQABAIAAAP///wAAACH5BAEAAAAALAAAAAABAAEAAAICRAEAOw==",$12.95
Prince,https://www.glassesshop.com/eyeglasses/fp1438,"data:image/gif;base64,R0lGODlhAQABAIAAAP///wAAACH5BAEAAAAALAAAAAABAAEAAAICRAEAOw==",$19.95
Althea,https://www.glassesshop.com/eyeglasses/fp2111,"data:image/gif;base64,R0lGODlhAQABAIAAAP///wAAACH5BAEAAAAALAAAAAABAAEAAAICRAEAOw==",$19.95
Kitty,https://www.glassesshop.com/eyeglasses/fz1658,"data:image/gif;base64,R0lGODlhAQABAIAAAP///wAAACH5BAEAAAAALAAAAAABAAEAAAICRAEAOw==",$29.95
Modesto,https://www.glassesshop.com/eyeglasses/fm1654,"data:image/gif;base64,R0lGODlhAQABAIAAAP///wAAACH5BAEAAAAALAAAAAABAAEAAAICRAEAOw==",$24.95
Walnut,https://www.glassesshop.com/eyeglasses/sup0821,"data:image/gif;base64,R0lGODlhAQABAIAAAP///wAAACH5BAEAAAAALAAAAAABAAEAAAICRAEAOw==",$29.95
Bray,https://www.glassesshop.com/eyeglasses/fp1923,"data:image/gif;base64,R0lGODlhAQABAIAAAP///wAAACH5BAEAAAAALAAAAAABAAEAAAICRAEAOw==",$12.95
Genevieve,https://www.glassesshop.com/eyeglasses/fz1268,"data:image/gif;base64,R0lGODlhAQABAIAAAP///wAAACH5BAEAAAAALAAAAAABAAEAAAICRAEAOw==",$34.95
Riverside,https://www.glassesshop.com/eyeglasses/fm1385,"data:image/gif;base64,R0lGODlhAQABAIAAAP///wAAACH5BAEAAAAALAAAAAABAAEAAAICRAEAOw==",$19.95
Lexingto,https://www.glassesshop.com/eyeglasses/fp1694,"data:image/gif;base64,R0lGODlhAQABAIAAAP///wAAACH5BAEAAAAALAAAAAABAAEAAAICRAEAOw==",$19.95
Aubrey,https://www.glassesshop.com/eyeglasses/fm1711,"data:image/gif;base64,R0lGODlhAQABAIAAAP///wAAACH5BAEAAAAALAAAAAABAAEAAAICRAEAOw==",$24.95
Niki,https://www.glassesshop.com/eyeglasses/fp2490,"data:image/gif;base64,R0lGODlhAQABAIAAAP///wAAACH5BAEAAAAALAAAAAABAAEAAAICRAEAOw==",$24.95
Butler,https://www.glassesshop.com/eyeglasses/fp1841,"data:image/gif;base64,R0lGODlhAQABAIAAAP///wAAACH5BAEAAAAALAAAAAABAAEAAAICRAEAOw==",$19.95
Dominic,https://www.glassesshop.com/eyeglasses/fp2149,"data:image/gif;base64,R0lGODlhAQABAIAAAP///wAAACH5BAEAAAAALAAAAAABAAEAAAICRAEAOw==",$12.95
Toledo,https://www.glassesshop.com/eyeglasses/fm1405,"data:image/gif;base64,R0lGODlhAQABAIAAAP///wAAACH5BAEAAAAALAAAAAABAAEAAAICRAEAOw==",$24.95
Fitchburg,https://www.glassesshop.com/eyeglasses/fp2383,"data:image/gif;base64,R0lGODlhAQABAIAAAP///wAAACH5BAEAAAAALAAAAAABAAEAAAICRAEAOw==",$9.95
Orlando,https://www.glassesshop.com/eyeglasses/fp2269,"data:image/gif;base64,R0lGODlhAQABAIAAAP///wAAACH5BAEAAAAALAAAAAABAAEAAAICRAEAOw==",$0.99
Watertown,https://www.glassesshop.com/eyeglasses/fp1804,"data:image/gif;base64,R0lGODlhAQABAIAAAP///wAAACH5BAEAAAAALAAAAAABAAEAAAICRAEAOw==",$19.95
Baldwin,https://www.glassesshop.com/eyeglasses/fp1618,"data:image/gif;base64,R0lGODlhAQABAIAAAP///wAAACH5BAEAAAAALAAAAAABAAEAAAICRAEAOw==",$19.95
Joni,https://www.glassesshop.com/eyeglasses/fp2024,"data:image/gif;base64,R0lGODlhAQABAIAAAP///wAAACH5BAEAAAAALAAAAAABAAEAAAICRAEAOw==",$29.95
Plains,https://www.glassesshop.com/eyeglasses/fp2026,"data:image/gif;base64,R0lGODlhAQABAIAAAP///wAAACH5BAEAAAAALAAAAAABAAEAAAICRAEAOw==",$24.95
Vogt,https://www.glassesshop.com/eyeglasses/fz1320,"data:image/gif;base64,R0lGODlhAQABAIAAAP///wAAACH5BAEAAAAALAAAAAABAAEAAAICRAEAOw==",$29.95
Flushing,https://www.glassesshop.com/eyeglasses/fp1972,"data:image/gif;base64,R0lGODlhAQABAIAAAP///wAAACH5BAEAAAAALAAAAAABAAEAAAICRAEAOw==",$12.95
Dove,https://www.glassesshop.com/eyeglasses/fp1727,"data:image/gif;base64,R0lGODlhAQABAIAAAP///wAAACH5BAEAAAAALAAAAAABAAEAAAICRAEAOw==",$34.95
Endicott,https://www.glassesshop.com/eyeglasses/fz1392,"data:image/gif;base64,R0lGODlhAQABAIAAAP///wAAACH5BAEAAAAALAAAAAABAAEAAAICRAEAOw==",$29.95
Jacksonville,https://www.glassesshop.com/eyeglasses/fp2183,"data:image/gif;base64,R0lGODlhAQABAIAAAP///wAAACH5BAEAAAAALAAAAAABAAEAAAICRAEAOw==",$19.95
Bernardino,https://www.glassesshop.com/eyeglasses/sup0749,"data:image/gif;base64,R0lGODlhAQABAIAAAP///wAAACH5BAEAAAAALAAAAAABAAEAAAICRAEAOw==",$24.95
Troy,https://www.glassesshop.com/eyeglasses/sup0907,"data:image/gif;base64,R0lGODlhAQABAIAAAP///wAAACH5BAEAAAAALAAAAAABAAEAAAICRAEAOw==",$24.95
Worcester,https://www.glassesshop.com/eyeglasses/fp2484,"data:image/gif;base64,R0lGODlhAQABAIAAAP///wAAACH5BAEAAAAALAAAAAABAAEAAAICRAEAOw==",$24.95
Amelia,https://www.glassesshop.com/eyeglasses/fm1469,"data:image/gif;base64,R0lGODlhAQABAIAAAP///wAAACH5BAEAAAAALAAAAAABAAEAAAICRAEAOw==",$34.95
Aurora,https://www.glassesshop.com/eyeglasses/sup0795,"data:image/gif;base64,R0lGODlhAQABAIAAAP///wAAACH5BAEAAAAALAAAAAABAAEAAAICRAEAOw==",$29.95
Atlantic,https://www.glassesshop.com/eyeglasses/sup0896,"data:image/gif;base64,R0lGODlhAQABAIAAAP///wAAACH5BAEAAAAALAAAAAABAAEAAAICRAEAOw==",$29.95
Vivian,https://www.glassesshop.com/eyeglasses/fz1250,"data:image/gif;base64,R0lGODlhAQABAIAAAP///wAAACH5BAEAAAAALAAAAAABAAEAAAICRAEAOw==",$29.95
Egbert,https://www.glassesshop.com/eyeglasses/rm0288,"data:image/gif;base64,R0lGODlhAQABAIAAAP///wAAACH5BAEAAAAALAAAAAABAAEAAAICRAEAOw==",$54.95
Chamomile,https://www.glassesshop.com/eyeglasses/sup1282,"data:image/gif;base64,R0lGODlhAQABAIAAAP///wAAACH5BAEAAAAALAAAAAABAAEAAAICRAEAOw==",$24.95
Jerry,https://www.glassesshop.com/eyeglasses/fp1593,"data:image/gif;base64,R0lGODlhAQABAIAAAP///wAAACH5BAEAAAAALAAAAAABAAEAAAICRAEAOw==",$24.95
Isaiah,https://www.glassesshop.com/eyeglasses/fp1643,"data:image/gif;base64,R0lGODlhAQABAIAAAP///wAAACH5BAEAAAAALAAAAAABAAEAAAICRAEAOw==",$19.95
Alberta,https://www.glassesshop.com/eyeglasses/fp2317,"data:image/gif;base64,R0lGODlhAQABAIAAAP///wAAACH5BAEAAAAALAAAAAABAAEAAAICRAEAOw==",$9.95
Union,https://www.glassesshop.com/eyeglasses/fz1750,"data:image/gif;base64,R0lGODlhAQABAIAAAP///wAAACH5BAEAAAAALAAAAAABAAEAAAICRAEAOw==",$35.95
Gaskell,https://www.glassesshop.com/eyeglasses/sup0568,"data:image/gif;base64,R0lGODlhAQABAIAAAP///wAAACH5BAEAAAAALAAAAAABAAEAAAICRAEAOw==",$29.95
Felix,https://www.glassesshop.com/eyeglasses/fp1724,"data:image/gif;base64,R0lGODlhAQABAIAAAP///wAAACH5BAEAAAAALAAAAAABAAEAAAICRAEAOw==",$19.95
Rochester,https://www.glassesshop.com/eyeglasses/fm1263,"data:image/gif;base64,R0lGODlhAQABAIAAAP///wAAACH5BAEAAAAALAAAAAABAAEAAAICRAEAOw==",$29.95
Mandy,https://www.glassesshop.com/eyeglasses/fz1087,"data:image/gif;base64,R0lGODlhAQABAIAAAP///wAAACH5BAEAAAAALAAAAAABAAEAAAICRAEAOw==",$29.95
Hume,https://www.glassesshop.com/eyeglasses/fz1297,"data:image/gif;base64,R0lGODlhAQABAIAAAP///wAAACH5BAEAAAAALAAAAAABAAEAAAICRAEAOw==",$29.95
Attis,https://www.glassesshop.com/eyeglasses/fm1394,"data:image/gif;base64,R0lGODlhAQABAIAAAP///wAAACH5BAEAAAAALAAAAAABAAEAAAICRAEAOw==",$24.95
Mark,https://www.glassesshop.com/eyeglasses/sm0936,"data:image/gif;base64,R0lGODlhAQABAIAAAP///wAAACH5BAEAAAAALAAAAAABAAEAAAICRAEAOw==",$29.95
Matthew,https://www.glassesshop.com/eyeglasses/sm0752,"data:image/gif;base64,R0lGODlhAQABAIAAAP///wAAACH5BAEAAAAALAAAAAABAAEAAAICRAEAOw==",$39.95
Ethel,https://www.glassesshop.com/eyeglasses/fp2545,"data:image/gif;base64,R0lGODlhAQABAIAAAP///wAAACH5BAEAAAAALAAAAAABAAEAAAICRAEAOw==",$24.95
Ezekiel,https://www.glassesshop.com/eyeglasses/fz1279,"data:image/gif;base64,R0lGODlhAQABAIAAAP///wAAACH5BAEAAAAALAAAAAABAAEAAAICRAEAOw==",$29.95
Holt,https://www.glassesshop.com/eyeglasses/fp1401,"data:image/gif;base64,R0lGODlhAQABAIAAAP///wAAACH5BAEAAAAALAAAAAABAAEAAAICRAEAOw==",$19.95
Hillsborough,https://www.glassesshop.com/eyeglasses/fp0989,"data:image/gif;base64,R0lGODlhAQABAIAAAP///wAAACH5BAEAAAAALAAAAAABAAEAAAICRAEAOw==",$19.95
Galveston,https://www.glassesshop.com/eyeglasses/sup1101,"data:image/gif;base64,R0lGODlhAQABAIAAAP///wAAACH5BAEAAAAALAAAAAABAAEAAAICRAEAOw==",$29.95
Dubois,https://www.glassesshop.com/eyeglasses/ft0326,"data:image/gif;base64,R0lGODlhAQABAIAAAP///wAAACH5BAEAAAAALAAAAAABAAEAAAICRAEAOw==",$49.95
Naperville,https://www.glassesshop.com/eyeglasses/fp2190,"data:image/gif;base64,R0lGODlhAQABAIAAAP///wAAACH5BAEAAAAALAAAAAABAAEAAAICRAEAOw==",$12.95
Enoch,https://www.glassesshop.com/eyeglasses/fz1159,"data:image/gif;base64,R0lGODlhAQABAIAAAP///wAAACH5BAEAAAAALAAAAAABAAEAAAICRAEAOw==",$29.95
Orleans,https://www.glassesshop.com/eyeglasses/ft0459,"data:image/gif;base64,R0lGODlhAQABAIAAAP///wAAACH5BAEAAAAALAAAAAABAAEAAAICRAEAOw==",$49.95
Elroy,https://www.glassesshop.com/eyeglasses/sup1014,"data:image/gif;base64,R0lGODlhAQABAIAAAP///wAAACH5BAEAAAAALAAAAAABAAEAAAICRAEAOw==",$29.95
Kelowna,https://www.glassesshop.com/eyeglasses/fp1409,"data:image/gif;base64,R0lGODlhAQABAIAAAP///wAAACH5BAEAAAAALAAAAAABAAEAAAICRAEAOw==",$5.95
Marlowe,https://www.glassesshop.com/eyeglasses/sup0711,"data:image/gif;base64,R0lGODlhAQABAIAAAP///wAAACH5BAEAAAAALAAAAAABAAEAAAICRAEAOw==",$19.95
Astrid,https://www.glassesshop.com/eyeglasses/fp1500,"data:image/gif;base64,R0lGODlhAQABAIAAAP///wAAACH5BAEAAAAALAAAAAABAAEAAAICRAEAOw==",$19.95
Omar,https://www.glassesshop.com/eyeglasses/fm1271,"data:image/gif;base64,R0lGODlhAQABAIAAAP///wAAACH5BAEAAAAALAAAAAABAAEAAAICRAEAOw==",$19.95
Adam,https://www.glassesshop.com/eyeglasses/fp1543,"data:image/gif;base64,R0lGODlhAQABAIAAAP///wAAACH5BAEAAAAALAAAAAABAAEAAAICRAEAOw==",$24.95
Rainbow,https://www.glassesshop.com/eyeglasses/fp2013,"data:image/gif;base64,R0lGODlhAQABAIAAAP///wAAACH5BAEAAAAALAAAAAABAAEAAAICRAEAOw==",$19.95
Labrador,https://www.glassesshop.com/eyeglasses/fp1988,"data:image/gif;base64,R0lGODlhAQABAIAAAP///wAAACH5BAEAAAAALAAAAAABAAEAAAICRAEAOw==",$12.95
Niagara,https://www.glassesshop.com/eyeglasses/ft0526,"data:image/gif;base64,R0lGODlhAQABAIAAAP///wAAACH5BAEAAAAALAAAAAABAAEAAAICRAEAOw==",$45.95
Trista,https://www.glassesshop.com/eyeglasses/sup1007,"data:image/gif;base64,R0lGODlhAQABAIAAAP///wAAACH5BAEAAAAALAAAAAABAAEAAAICRAEAOw==",$44.95
Ely,https://www.glassesshop.com/eyeglasses/sup0997,"data:image/gif;base64,R0lGODlhAQABAIAAAP///wAAACH5BAEAAAAALAAAAAABAAEAAAICRAEAOw==",$29.95
Wilker,https://www.glassesshop.com/eyeglasses/sup0624,"data:image/gif;base64,R0lGODlhAQABAIAAAP///wAAACH5BAEAAAAALAAAAAABAAEAAAICRAEAOw==",$29.95
Oswego,https://www.glassesshop.com/eyeglasses/sup1000,"data:image/gif;base64,R0lGODlhAQABAIAAAP///wAAACH5BAEAAAAALAAAAAABAAEAAAICRAEAOw==",$24.95
Lambert,https://www.glassesshop.com/eyeglasses/fm1089,"data:image/gif;base64,R0lGODlhAQABAIAAAP///wAAACH5BAEAAAAALAAAAAABAAEAAAICRAEAOw==",$39.95
Martin,https://www.glassesshop.com/eyeglasses/sm0795,"data:image/gif;base64,R0lGODlhAQABAIAAAP///wAAACH5BAEAAAAALAAAAAABAAEAAAICRAEAOw==",$29.95
Huntsville,https://www.glassesshop.com/eyeglasses/sup1077,"data:image/gif;base64,R0lGODlhAQABAIAAAP///wAAACH5BAEAAAAALAAAAAABAAEAAAICRAEAOw==",$29.95
Bristol,https://www.glassesshop.com/eyeglasses/fp2418,"data:image/gif;base64,R0lGODlhAQABAIAAAP///wAAACH5BAEAAAAALAAAAAABAAEAAAICRAEAOw==",$45.95
FortMyers,https://www.glassesshop.com/eyeglasses/fp2585,"data:image/gif;base64,R0lGODlhAQABAIAAAP///wAAACH5BAEAAAAALAAAAAABAAEAAAICRAEAOw==",$29.95
Audrey,https://www.glassesshop.com/eyeglasses/fp2100,"data:image/gif;base64,R0lGODlhAQABAIAAAP///wAAACH5BAEAAAAALAAAAAABAAEAAAICRAEAOw==",$19.95
Barret,https://www.glassesshop.com/eyeglasses/fm1565,"data:image/gif;base64,R0lGODlhAQABAIAAAP///wAAACH5BAEAAAAALAAAAAABAAEAAAICRAEAOw==",$29.95
Jackson,https://www.glassesshop.com/eyeglasses/fp2247,"data:image/gif;base64,R0lGODlhAQABAIAAAP///wAAACH5BAEAAAAALAAAAAABAAEAAAICRAEAOw==",$24.95
Christian,https://www.glassesshop.com/eyeglasses/sup0759,"data:image/gif;base64,R0lGODlhAQABAIAAAP///wAAACH5BAEAAAAALAAAAAABAAEAAAICRAEAOw==",$29.95
Conrad,https://www.glassesshop.com/eyeglasses/sm0943,"data:image/gif;base64,R0lGODlhAQABAIAAAP///wAAACH5BAEAAAAALAAAAAABAAEAAAICRAEAOw==",$24.95
Geraldine,https://www.glassesshop.com/eyeglasses/sup1252,"data:image/gif;base64,R0lGODlhAQABAIAAAP///wAAACH5BAEAAAAALAAAAAABAAEAAAICRAEAOw==",$29.95
Elva,https://www.glassesshop.com/eyeglasses/fp2449,"data:image/gif;base64,R0lGODlhAQABAIAAAP///wAAACH5BAEAAAAALAAAAAABAAEAAAICRAEAOw==",$24.95
Westlake,https://www.glassesshop.com/eyeglasses/fz1437,"data:image/gif;base64,R0lGODlhAQABAIAAAP///wAAACH5BAEAAAAALAAAAAABAAEAAAICRAEAOw==",$44.95
Evansville,https://www.glassesshop.com/eyeglasses/fp1363,"data:image/gif;base64,R0lGODlhAQABAIAAAP///wAAACH5BAEAAAAALAAAAAABAAEAAAICRAEAOw==",$19.95
Springfield,https://www.glassesshop.com/eyeglasses/fm1409,"data:image/gif;base64,R0lGODlhAQABAIAAAP///wAAACH5BAEAAAAALAAAAAABAAEAAAICRAEAOw==",$24.95
Arlene,https://www.glassesshop.com/eyeglasses/fp1762,"data:image/gif;base64,R0lGODlhAQABAIAAAP///wAAACH5BAEAAAAALAAAAAABAAEAAAICRAEAOw==",$24.95
Maltz,https://www.glassesshop.com/eyeglasses/fz1370,"data:image/gif;base64,R0lGODlhAQABAIAAAP///wAAACH5BAEAAAAALAAAAAABAAEAAAICRAEAOw==",$29.95
Vanessa,https://www.glassesshop.com/eyeglasses/fp2565,"data:image/gif;base64,R0lGODlhAQABAIAAAP///wAAACH5BAEAAAAALAAAAAABAAEAAAICRAEAOw==",$24.95
Bainbridge,https://www.glassesshop.com/eyeglasses/fp2186,"data:image/gif;base64,R0lGODlhAQABAIAAAP///wAAACH5BAEAAAAALAAAAAABAAEAAAICRAEAOw==",$19.95
Glenview,https://www.glassesshop.com/eyeglasses/ft0364,"data:image/gif;base64,R0lGODlhAQABAIAAAP///wAAACH5BAEAAAAALAAAAAABAAEAAAICRAEAOw==",$49.95
Lina,https://www.glassesshop.com/eyeglasses/fz1988,"data:image/gif;base64,R0lGODlhAQABAIAAAP///wAAACH5BAEAAAAALAAAAAABAAEAAAICRAEAOw==",$14.98
Bellevue,https://www.glassesshop.com/eyeglasses/fz1892,"data:image/gif;base64,R0lGODlhAQABAIAAAP///wAAACH5BAEAAAAALAAAAAABAAEAAAICRAEAOw==",$29.95
Brunswick,https://www.glassesshop.com/eyeglasses/fm1017,"data:image/gif;base64,R0lGODlhAQABAIAAAP///wAAACH5BAEAAAAALAAAAAABAAEAAAICRAEAOw==",$29.95
Kitchener,https://www.glassesshop.com/eyeglasses/sm0908,"data:image/gif;base64,R0lGODlhAQABAIAAAP///wAAACH5BAEAAAAALAAAAAABAAEAAAICRAEAOw==",$2.99
Megan,https://www.glassesshop.com/eyeglasses/sup0830,"data:image/gif;base64,R0lGODlhAQABAIAAAP///wAAACH5BAEAAAAALAAAAAABAAEAAAICRAEAOw==",$29.95
Debby,https://www.glassesshop.com/eyeglasses/fz1767,"data:image/gif;base64,R0lGODlhAQABAIAAAP///wAAACH5BAEAAAAALAAAAAABAAEAAAICRAEAOw==",$29.95
Theresa,https://www.glassesshop.com/eyeglasses/fp2499,"data:image/gif;base64,R0lGODlhAQABAIAAAP///wAAACH5BAEAAAAALAAAAAABAAEAAAICRAEAOw==",$24.95
Payne,https://www.glassesshop.com/eyeglasses/fm1297,"data:image/gif;base64,R0lGODlhAQABAIAAAP///wAAACH5BAEAAAAALAAAAAABAAEAAAICRAEAOw==",$29.95
AnnArbor,https://www.glassesshop.com/eyeglasses/rm0322,"data:image/gif;base64,R0lGODlhAQABAIAAAP///wAAACH5BAEAAAAALAAAAAABAAEAAAICRAEAOw==",$14.98
Horace,https://www.glassesshop.com/eyeglasses/fz0781,"data:image/gif;base64,R0lGODlhAQABAIAAAP///wAAACH5BAEAAAAALAAAAAABAAEAAAICRAEAOw==",$29.95
Norfolk,https://www.glassesshop.com/eyeglasses/fm1462,"data:image/gif;base64,R0lGODlhAQABAIAAAP///wAAACH5BAEAAAAALAAAAAABAAEAAAICRAEAOw==",$34.95
Mobile,https://www.glassesshop.com/eyeglasses/ft0359,"data:image/gif;base64,R0lGODlhAQABAIAAAP///wAAACH5BAEAAAAALAAAAAABAAEAAAICRAEAOw==",$39.95
Nicole,https://www.glassesshop.com/eyeglasses/fz1084,"data:image/gif;base64,R0lGODlhAQABAIAAAP///wAAACH5BAEAAAAALAAAAAABAAEAAAICRAEAOw==",$29.95
Tower,https://www.glassesshop.com/eyeglasses/fp2328,"data:image/gif;base64,R0lGODlhAQABAIAAAP///wAAACH5BAEAAAAALAAAAAABAAEAAAICRAEAOw==",$19.95
Zenobia,https://www.glassesshop.com/eyeglasses/sup1228,"data:image/gif;base64,R0lGODlhAQABAIAAAP///wAAACH5BAEAAAAALAAAAAABAAEAAAICRAEAOw==",$24.94
Oak,https://www.glassesshop.com/eyeglasses/fp2058,"data:image/gif;base64,R0lGODlhAQABAIAAAP///wAAACH5BAEAAAAALAAAAAABAAEAAAICRAEAOw==",$19.95
Osborn,https://www.glassesshop.com/eyeglasses/fz1709,"data:image/gif;base64,R0lGODlhAQABAIAAAP///wAAACH5BAEAAAAALAAAAAABAAEAAAICRAEAOw==",$34.95
Abina,https://www.glassesshop.com/eyeglasses/fp1938,"data:image/gif;base64,R0lGODlhAQABAIAAAP///wAAACH5BAEAAAAALAAAAAABAAEAAAICRAEAOw==",$19.95
Woolf,https://www.glassesshop.com/eyeglasses/fp2493,"data:image/gif;base64,R0lGODlhAQABAIAAAP///wAAACH5BAEAAAAALAAAAAABAAEAAAICRAEAOw==",$24.95
Boris,https://www.glassesshop.com/eyeglasses/sup1050,"data:image/gif;base64,R0lGODlhAQABAIAAAP///wAAACH5BAEAAAAALAAAAAABAAEAAAICRAEAOw==",$29.95
Celeste,https://www.glassesshop.com/eyeglasses/fm1471,"data:image/gif;base64,R0lGODlhAQABAIAAAP///wAAACH5BAEAAAAALAAAAAABAAEAAAICRAEAOw==",$19.95
John,https://www.glassesshop.com/eyeglasses/fm1669,"data:image/gif;base64,R0lGODlhAQABAIAAAP///wAAACH5BAEAAAAALAAAAAABAAEAAAICRAEAOw==",$29.95
Creston,https://www.glassesshop.com/eyeglasses/fz1687,"data:image/gif;base64,R0lGODlhAQABAIAAAP///wAAACH5BAEAAAAALAAAAAABAAEAAAICRAEAOw==",$29.95
Buckeye,https://www.glassesshop.com/eyeglasses/fz1093,"data:image/gif;base64,R0lGODlhAQABAIAAAP///wAAACH5BAEAAAAALAAAAAABAAEAAAICRAEAOw==",$29.95
Yonkers,https://www.glassesshop.com/eyeglasses/fp1985,"data:image/gif;base64,R0lGODlhAQABAIAAAP///wAAACH5BAEAAAAALAAAAAABAAEAAAICRAEAOw==",$12.95
Doris,https://www.glassesshop.com/eyeglasses/fp2526,"data:image/gif;base64,R0lGODlhAQABAIAAAP///wAAACH5BAEAAAAALAAAAAABAAEAAAICRAEAOw==",$29.95
Michelle,https://www.glassesshop.com/eyeglasses/sup1175,"data:image/gif;base64,R0lGODlhAQABAIAAAP///wAAACH5BAEAAAAALAAAAAABAAEAAAICRAEAOw==",$29.95
Stephen,https://www.glassesshop.com/eyeglasses/sm0897,"data:image/gif;base64,R0lGODlhAQABAIAAAP///wAAACH5BAEAAAAALAAAAAABAAEAAAICRAEAOw==",$12.95
Mignon,https://www.glassesshop.com/eyeglasses/fp2443,"data:image/gif;base64,R0lGODlhAQABAIAAAP///wAAACH5BAEAAAAALAAAAAABAAEAAAICRAEAOw==",$19.95
Nodia,https://www.glassesshop.com/eyeglasses/sup0700,"data:image/gif;base64,R0lGODlhAQABAIAAAP///wAAACH5BAEAAAAALAAAAAABAAEAAAICRAEAOw==",$29.95
Caroline,https://www.glassesshop.com/eyeglasses/fm1588,"data:image/gif;base64,R0lGODlhAQABAIAAAP///wAAACH5BAEAAAAALAAAAAABAAEAAAICRAEAOw==",$19.95
Antony,https://www.glassesshop.com/eyeglasses/fm1503,"data:image/gif;base64,R0lGODlhAQABAIAAAP///wAAACH5BAEAAAAALAAAAAABAAEAAAICRAEAOw==",$24.95
Tacoma,https://www.glassesshop.com/eyeglasses/spfm014,"data:image/gif;base64,R0lGODlhAQABAIAAAP///wAAACH5BAEAAAAALAAAAAABAAEAAAICRAEAOw==",$34.95
Reno,https://www.glassesshop.com/eyeglasses/fp1089,"data:image/gif;base64,R0lGODlhAQABAIAAAP///wAAACH5BAEAAAAALAAAAAABAAEAAAICRAEAOw==",$44.95
Gadsden,https://www.glassesshop.com/eyeglasses/rm0303,"data:image/gif;base64,R0lGODlhAQABAIAAAP///wAAACH5BAEAAAAALAAAAAABAAEAAAICRAEAOw==",$29.95
Rouge,https://www.glassesshop.com/eyeglasses/fm1574,"data:image/gif;base64,R0lGODlhAQABAIAAAP///wAAACH5BAEAAAAALAAAAAABAAEAAAICRAEAOw==",$19.95
Monterey,https://www.glassesshop.com/eyeglasses/sup1183,"data:image/gif;base64,R0lGODlhAQABAIAAAP///wAAACH5BAEAAAAALAAAAAABAAEAAAICRAEAOw==",$19.95
Annabelle,https://www.glassesshop.com/eyeglasses/fp2084,"data:image/gif;base64,R0lGODlhAQABAIAAAP///wAAACH5BAEAAAAALAAAAAABAAEAAAICRAEAOw==",$24.95
Haggai,https://www.glassesshop.com/eyeglasses/fp1775,"data:image/gif;base64,R0lGODlhAQABAIAAAP///wAAACH5BAEAAAAALAAAAAABAAEAAAICRAEAOw==",$24.95
Angel,https://www.glassesshop.com/eyeglasses/fp1648,"data:image/gif;base64,R0lGODlhAQABAIAAAP///wAAACH5BAEAAAAALAAAAAABAAEAAAICRAEAOw==",$19.95
Ames,https://www.glassesshop.com/eyeglasses/fz1916,"data:image/gif;base64,R0lGODlhAQABAIAAAP///wAAACH5BAEAAAAALAAAAAABAAEAAAICRAEAOw==",$29.95
Edgar,https://www.glassesshop.com/eyeglasses/fm1608,"data:image/gif;base64,R0lGODlhAQABAIAAAP///wAAACH5BAEAAAAALAAAAAABAAEAAAICRAEAOw==",$35.95
Robben,https://www.glassesshop.com/eyeglasses/ft0242,"data:image/gif;base64,R0lGODlhAQABAIAAAP///wAAACH5BAEAAAAALAAAAAABAAEAAAICRAEAOw==",$39.95
Nina,https://www.glassesshop.com/eyeglasses/fz1792,"data:image/gif;base64,R0lGODlhAQABAIAAAP///wAAACH5BAEAAAAALAAAAAABAAEAAAICRAEAOw==",$29.95
Clara,https://www.glassesshop.com/eyeglasses/fp2463,"data:image/gif;base64,R0lGODlhAQABAIAAAP///wAAACH5BAEAAAAALAAAAAABAAEAAAICRAEAOw==",$24.95
Hawthorn,https://www.glassesshop.com/eyeglasses/fm1350,"data:image/gif;base64,R0lGODlhAQABAIAAAP///wAAACH5BAEAAAAALAAAAAABAAEAAAICRAEAOw==",$29.95
Scranton,https://www.glassesshop.com/eyeglasses/ft0416,"data:image/gif;base64,R0lGODlhAQABAIAAAP///wAAACH5BAEAAAAALAAAAAABAAEAAAICRAEAOw==",$34.95
Lindsay,https://www.glassesshop.com/eyeglasses/fz1382,"data:image/gif;base64,R0lGODlhAQABAIAAAP///wAAACH5BAEAAAAALAAAAAABAAEAAAICRAEAOw==",$29.95
Bobosa,https://www.glassesshop.com/eyeglasses/fz1375,"data:image/gif;base64,R0lGODlhAQABAIAAAP///wAAACH5BAEAAAAALAAAAAABAAEAAAICRAEAOw==",$29.95
TerreHaute,https://www.glassesshop.com/eyeglasses/sup1204,"data:image/gif;base64,R0lGODlhAQABAIAAAP///wAAACH5BAEAAAAALAAAAAABAAEAAAICRAEAOw==",$19.95
Owensboro,https://www.glassesshop.com/eyeglasses/fp2195,"data:image/gif;base64,R0lGODlhAQABAIAAAP///wAAACH5BAEAAAAALAAAAAABAAEAAAICRAEAOw==",$12.95
Louise,https://www.glassesshop.com/eyeglasses/fz1735,"data:image/gif;base64,R0lGODlhAQABAIAAAP///wAAACH5BAEAAAAALAAAAAABAAEAAAICRAEAOw==",$29.95
Roanoke,https://www.glassesshop.com/eyeglasses/sup1005,"data:image/gif;base64,R0lGODlhAQABAIAAAP///wAAACH5BAEAAAAALAAAAAABAAEAAAICRAEAOw==",$19.95
Sid,https://www.glassesshop.com/eyeglasses/sup0509,"data:image/gif;base64,R0lGODlhAQABAIAAAP///wAAACH5BAEAAAAALAAAAAABAAEAAAICRAEAOw==",$34.95
Wilcox,https://www.glassesshop.com/eyeglasses/fp2496,"data:image/gif;base64,R0lGODlhAQABAIAAAP///wAAACH5BAEAAAAALAAAAAABAAEAAAICRAEAOw==",$24.95
Salisbury,https://www.glassesshop.com/eyeglasses/fp2104,"data:image/gif;base64,R0lGODlhAQABAIAAAP///wAAACH5BAEAAAAALAAAAAABAAEAAAICRAEAOw==",$19.95
Zora,https://www.glassesshop.com/eyeglasses/sup1235,"data:image/gif;base64,R0lGODlhAQABAIAAAP///wAAACH5BAEAAAAALAAAAAABAAEAAAICRAEAOw==",$29.95
Goodland,https://www.glassesshop.com/eyeglasses/fp2155,"data:image/gif;base64,R0lGODlhAQABAIAAAP///wAAACH5BAEAAAAALAAAAAABAAEAAAICRAEAOw==",$19.95
Barlow,https://www.glassesshop.com/eyeglasses/sm0932,"data:image/gif;base64,R0lGODlhAQABAIAAAP///wAAACH5BAEAAAAALAAAAAABAAEAAAICRAEAOw==",$29.95
Barstow,https://www.glassesshop.com/eyeglasses/sup1089,"data:image/gif;base64,R0lGODlhAQABAIAAAP///wAAACH5BAEAAAAALAAAAAABAAEAAAICRAEAOw==",$29.95
Lopez,https://www.glassesshop.com/eyeglasses/fm1192,"data:image/gif;base64,R0lGODlhAQABAIAAAP///wAAACH5BAEAAAAALAAAAAABAAEAAAICRAEAOw==",$12.95
Miranda,https://www.glassesshop.com/eyeglasses/fp2323,"data:image/gif;base64,R0lGODlhAQABAIAAAP///wAAACH5BAEAAAAALAAAAAABAAEAAAICRAEAOw==",$19.95
Pangnirtung,https://www.glassesshop.com/eyeglasses/sup1232,"data:image/gif;base64,R0lGODlhAQABAIAAAP///wAAACH5BAEAAAAALAAAAAABAAEAAAICRAEAOw==",$34.95
Road,https://www.glassesshop.com/eyeglasses/spfm021,"data:image/gif;base64,R0lGODlhAQABAIAAAP///wAAACH5BAEAAAAALAAAAAABAAEAAAICRAEAOw==",$29.95
Richmond,https://www.glassesshop.com/eyeglasses/sup1081,"data:image/gif;base64,R0lGODlhAQABAIAAAP///wAAACH5BAEAAAAALAAAAAABAAEAAAICRAEAOw==",$19.95
Joyce,https://www.glassesshop.com/eyeglasses/fp1504,"data:image/gif;base64,R0lGODlhAQABAIAAAP///wAAACH5BAEAAAAALAAAAAABAAEAAAICRAEAOw==",$19.95
Newark,https://www.glassesshop.com/eyeglasses/fm1372,"data:image/gif;base64,R0lGODlhAQABAIAAAP///wAAACH5BAEAAAAALAAAAAABAAEAAAICRAEAOw==",$24.95
Altoona,https://www.glassesshop.com/eyeglasses/fz1913,"data:image/gif;base64,R0lGODlhAQABAIAAAP///wAAACH5BAEAAAAALAAAAAABAAEAAAICRAEAOw==",$29.95
Yvette,https://www.glassesshop.com/eyeglasses/fp2561,"data:image/gif;base64,R0lGODlhAQABAIAAAP///wAAACH5BAEAAAAALAAAAAABAAEAAAICRAEAOw==",$19.95
Coolidge,https://www.glassesshop.com/eyeglasses/fp1168,"data:image/gif;base64,R0lGODlhAQABAIAAAP///wAAACH5BAEAAAAALAAAAAABAAEAAAICRAEAOw==",$5.95
Bowen,https://www.glassesshop.com/eyeglasses/sm0902,"data:image/gif;base64,R0lGODlhAQABAIAAAP///wAAACH5BAEAAAAALAAAAAABAAEAAAICRAEAOw==",$29.95
Alvin,https://www.glassesshop.com/eyeglasses/ft0558,"data:image/gif;base64,R0lGODlhAQABAIAAAP///wAAACH5BAEAAAAALAAAAAABAAEAAAICRAEAOw==",$54.95
Benjamin,https://www.glassesshop.com/eyeglasses/fm1466,"data:image/gif;base64,R0lGODlhAQABAIAAAP///wAAACH5BAEAAAAALAAAAAABAAEAAAICRAEAOw==",$29.95
Hopkinsville,https://www.glassesshop.com/eyeglasses/ft0465,"data:image/gif;base64,R0lGODlhAQABAIAAAP///wAAACH5BAEAAAAALAAAAAABAAEAAAICRAEAOw==",$44.95
Waukegan,https://www.glassesshop.com/eyeglasses/fz1898,"data:image/gif;base64,R0lGODlhAQABAIAAAP///wAAACH5BAEAAAAALAAAAAABAAEAAAICRAEAOw==",$29.95
Tiffen,https://www.glassesshop.com/eyeglasses/fp1443,"data:image/gif;base64,R0lGODlhAQABAIAAAP///wAAACH5BAEAAAAALAAAAAABAAEAAAICRAEAOw==",$19.95
Wilsen,https://www.glassesshop.com/eyeglasses/fz1316,"data:image/gif;base64,R0lGODlhAQABAIAAAP///wAAACH5BAEAAAAALAAAAAABAAEAAAICRAEAOw==",$4.99
Lagrange,https://www.glassesshop.com/eyeglasses/fz1858,"data:image/gif;base64,R0lGODlhAQABAIAAAP///wAAACH5BAEAAAAALAAAAAABAAEAAAICRAEAOw==",$29.95
Owen,https://www.glassesshop.com/eyeglasses/fp1651,"data:image/gif;base64,R0lGODlhAQABAIAAAP///wAAACH5BAEAAAAALAAAAAABAAEAAAICRAEAOw==",$19.95
Cedric,https://www.glassesshop.com/eyeglasses/fm1715,"data:image/gif;base64,R0lGODlhAQABAIAAAP///wAAACH5BAEAAAAALAAAAAABAAEAAAICRAEAOw==",$24.95
Charlotte,https://www.glassesshop.com/eyeglasses/sup1216,"data:image/gif;base64,R0lGODlhAQABAIAAAP///wAAACH5BAEAAAAALAAAAAABAAEAAAICRAEAOw==",$29.95
Bensenville,https://www.glassesshop.com/eyeglasses/fp2070,"data:image/gif;base64,R0lGODlhAQABAIAAAP///wAAACH5BAEAAAAALAAAAAABAAEAAAICRAEAOw==",$19.95
Teresa,https://www.glassesshop.com/eyeglasses/sup1006,"data:image/gif;base64,R0lGODlhAQABAIAAAP///wAAACH5BAEAAAAALAAAAAABAAEAAAICRAEAOw==",$29.95
Manhattan,https://www.glassesshop.com/eyeglasses/ft0425,"data:image/gif;base64,R0lGODlhAQABAIAAAP///wAAACH5BAEAAAAALAAAAAABAAEAAAICRAEAOw==",$44.95
Marcia,https://www.glassesshop.com/eyeglasses/fp2560,"data:image/gif;base64,R0lGODlhAQABAIAAAP///wAAACH5BAEAAAAALAAAAAABAAEAAAICRAEAOw==",$12.95
Cloud,https://www.glassesshop.com/eyeglasses/sup1239,"data:image/gif;base64,R0lGODlhAQABAIAAAP///wAAACH5BAEAAAAALAAAAAABAAEAAAICRAEAOw==",$45.95
Mandel,https://www.glassesshop.com/eyeglasses/st0258,"data:image/gif;base64,R0lGODlhAQABAIAAAP///wAAACH5BAEAAAAALAAAAAABAAEAAAICRAEAOw==",$49.95
Terre,https://www.glassesshop.com/eyeglasses/rm0247,"data:image/gif;base64,R0lGODlhAQABAIAAAP///wAAACH5BAEAAAAALAAAAAABAAEAAAICRAEAOw==",$32.95
